INSERT INTO products (id, author, category, description, image_url, price, product_name) VALUES (1, 'Andrzej Sapkowski', 1, 'Fantastyka',  'https://cf2-taniaksiazka.statiki.pl/images/popups/123/68007901377KS.jpg', 31.3, 'Ostatnie Życzenie' ),  (2, 'Andrzej Sapkowski', 1, 'Fantastyka',  'https://cf2-taniaksiazka.statiki.pl/images/popups/123/68007901377KS.jpg', 32.3, 'Miecz Przeznaczenia' ),  (3, 'Andrzej Sapkowski', 1, 'Fantastyka',  'https://cf2-taniaksiazka.statiki.pl/images/popups/123/68007901377KS.jpg', 33.3, 'Krew Elfów' ),  (4, 'Andrzej Sapkowski', 1, 'Fantastyka',  'https://cf2-taniaksiazka.statiki.pl/images/popups/123/68007901377KS.jpg', 34.3, 'Czas Pogardy' ),  (5, 'Andrzej Sapkowski', 1, 'Fantastyka',  'https://cf2-taniaksiazka.statiki.pl/images/popups/123/68007901377KS.jpg', 35.3, 'Chrzest Ognia' ),  (6, 'Andrzej Sapkowski', 1, 'Fantastyka',  'https://cf2-taniaksiazka.statiki.pl/images/popups/123/68007901377KS.jpg', 36.3, 'Wieża Jaskółki' ),  (7, 'Andrzej Sapkowski', 1, 'Fantastyka',  'https://cf2-taniaksiazka.statiki.pl/images/popups/123/68007901377KS.jpg', 37.3, 'Pani Jeziora' ),  (8, 'Andrzej Sapkowski', 1, 'Fantastyka',  'https://cf2-taniaksiazka.statiki.pl/images/popups/123/68007901377KS.jpg', 38.3, 'Sezon Burz' ),  (9, 'Różni', 1, 'description', 'https://cf2-taniaksiazka.statiki.pl/images/popups/123/68007901377KS.jpg', 32,  'Szpony i Kły' ),  (10, 'Andrzej Sapkowski', 1, 'Fantastyka',  'https://cf2-taniaksiazka.statiki.pl/images/popups/123/68007901377KS.jpg', 31.3, 'Ostatnie Życzenie' );
INSERT INTO discount_type(product_id,discount_type) VALUES (1, 'NEW'),  (1, 'BESTSELLER'),  (1, 'DISCOUNTED'),(2, 'NEW'),  (2, 'BESTSELLER'),  (2, 'DISCOUNTED'),(3, 'NEW'),  (3, 'BESTSELLER'),  (3, 'DISCOUNTED'),(4, 'NEW'),  (4, 'BESTSELLER'),  (4, 'DISCOUNTED'),(5, 'NEW'),  (5, 'BESTSELLER'),  (5, 'DISCOUNTED'),(6, 'NEW'), (6, 'BESTSELLER'), (7, 'BESTSELLER'), (7, 'DISCOUNTED'),(8, 'NEW'), (8, 'DISCOUNTED'), (9, 'NEW');
insert into clients (id,address,nip,blocked,email,enabled,first_name,last_name,login,password,phone_number,token_expired) values (1,'address 123/123','nip',false,'e1@c.com',true,'employee','one','e1','$2y$12$8wK6n5F4erTCl206bR7em.x4LuYW3ytBtEFpGntvbxEkW9mF0lNMW','123456789',false), (2,'address 321/123','nip',false,'e2@c.com',true,'employee','two','e2','$2y$12$8wK6n5F4erTCl206bR7em.x4LuYW3ytBtEFpGntvbxEkW9mF0lNMW','123456789',false);

INSERT INTO ROLE (ID, NAME) VALUES (1, 'ROLE_ADMIN'), (2, 'ROLE_EMPLOYEE');
INSERT INTO PRIVILEGE (ID, NAME) VALUES (1, 'PRIVILEGE_FOR_ROLE_ADMIN_1'), (2, 'PRIVILEGE_FOR_ROLE_EMPLOYEE_1');
INSERT INTO ROLES_PRIVILEGES (ROLE_ID, PRIVILEGE_ID) VALUES (1, 1), (1, 2), (2, 2);
INSERT INTO CLIENTS_ROLES (clients_ID, ROLE_ID) VALUES (1, 1), (2, 2);


SELECT setval('products_id_seq', max(id))  FROM products;
SELECT setval('clients_id_seq', max(id))  FROM clients;
SELECT setval('ROLE_id_seq', max(id))  FROM ROLE;
SELECT setval('PRIVILEGE_id_seq', max(id))  FROM PRIVILEGE;
SELECT setval('PRIVILEGE_id_seq', max(id))  FROM PRIVILEGE;
